{
  "overall_metrics": {
    "Precision": 1.0,
    "Recall": 0.9756810072788846,
    "F1-score": 0.9862490021511348,
    "BLEU Score": 0.972689969184115
  },
  "field_metrics": {
    "date_value": {
      "Precision": 1.0,
      "Recall": 1.0,
      "F1-score": 1.0,
      "BLEU Score": 1.0
    },
    "store_name_value": {
      "Precision": 1.0,
      "Recall": 1.0,
      "F1-score": 1.0,
      "BLEU Score": 1.0
    },
    "tax_value": {
      "Precision": 1.0,
      "Recall": 1.0,
      "F1-score": 1.0,
      "BLEU Score": 1.0
    },
    "total_value": {
      "Precision": 1.0,
      "Recall": 1.0,
      "F1-score": 1.0,
      "BLEU Score": 1.0
    },
    "prod_item_value": {
      "Precision": 1.0,
      "Recall": 0.8131403659233849,
      "F1-score": 0.8939135858365287,
      "BLEU Score": 0.789361865642455
    },
    "prod_quantity_value": {
      "Precision": 1.0,
      "Recall": 1.0,
      "F1-score": 1.0,
      "BLEU Score": 1.0
    },
    "prod_price_value": {
      "Precision": 1.0,
      "Recall": 0.9923076923076923,
      "F1-score": 0.996078431372549,
      "BLEU Score": 0.9921578878304647
    },
    "gst_calculation": {
      "Precision": 1.0,
      "Recall": 1.0,
      "F1-score": 1.0,
      "BLEU Score": 1.0
    }
  },
  "scalar_metrics": {
    "Precision": 1.0,
    "Recall": 1.0,
    "F1-score": 1.0,
    "BLEU Score": 1.0
  },
  "list_metrics": {
    "Precision": 1.0,
    "Recall": 0.9351493527436924,
    "F1-score": 0.9633306724030258,
    "BLEU Score": 0.9271732511576399
  }
}